Pace,11/1/2017
Urbanus,5/13/2017
Caprice,9/16/2017
Gerry,12/1/2016
Wilfred,8/12/2017
Mateo,11/9/2017
Arlee,12/13/2016
Cleon,7/29/2017
Avivah,6/2/2017
Ola,6/17/2017
Chelsae,7/12/2017
Lennard,8/16/2017
Pearle,8/18/2017
Temple,11/24/2016
Joelynn,5/15/2017
Ivonne,1/3/2017
Alonzo,6/15/2017
Milicent,3/24/2017
Jo-anne,11/20/2016
Peterus,9/24/2017
Gran,7/31/2017
Marcel,6/18/2017
Tuck,8/6/2017
Damara,2/11/2017
Cristian,4/7/2017
Darci,7/27/2017
Minetta,4/11/2017
Melicent,2/27/2017
Angelika,9/9/2017
Christie,8/1/2017
Amalia,4/13/2017
Valry,12/11/2016
Bowie,8/20/2017
Gretel,10/18/2017
Isidore,2/4/2017
Dov,7/10/2017
Portia,11/15/2016
Nobe,10/2/2017
Sharlene,2/8/2017
Junette,10/5/2017
Lurlene,9/23/2017
Phillip,1/18/2017
Babs,11/6/2017
Claybourne,12/27/2016
Jerrie,8/2/2017
Randee,2/13/2017
Suzette,12/27/2016
Hamel,10/12/2017
Corissa,4/29/2017
Aharon,5/15/2017
Kerwinn,8/7/2017
Emlyn,11/5/2017
Emogene,3/3/2017
Goldia,7/19/2017
Chelsea,3/20/2017
Biddie,6/13/2017
Jasmine,12/12/2016
Waldo,6/8/2017
Rob,7/24/2017
Steffen,2/25/2017
Meghann,5/9/2017
Emmye,2/28/2017
Delmar,9/17/2017
Tami,8/14/2017
Buffy,7/19/2017
Boote,2/12/2017
Patrizius,12/12/2016
Foster,2/25/2017
Ward,7/20/2017
Tuck,8/27/2017
Konstanze,5/21/2017
Adan,8/14/2017
Bevon,7/1/2017
Aleksandr,7/22/2017
Akim,3/9/2017
Erika,4/21/2017
Kinna,8/14/2017
Bink,8/20/2017
Tybie,2/21/2017
Meredith,11/24/2016
Raphael,7/26/2017
Justen,7/17/2017
Madlin,10/31/2017
Sandie,9/19/2017
Joelynn,1/5/2017
Reta,3/10/2017
Cosmo,12/15/2016
Tyne,2/1/2017
Annabela,5/3/2017
Oralia,6/18/2017
Sandi,6/29/2017
Avram,1/13/2017
Krishnah,11/9/2017
Lynsey,4/5/2017
Gerti,4/9/2017
Marijn,6/9/2017
Cullan,4/14/2017
Ode,12/24/2016
Marquita,10/25/2017
Babbie,6/14/2017
Aaron,7/27/2017
Ginny,1/29/2017
Magda,10/25/2017
Benton,12/16/2016
Maybelle,11/9/2017
Skip,9/25/2017
Artus,12/30/2016
Wat,5/29/2017
Verge,3/19/2017
Pennie,1/8/2017
Kayle,5/2/2017
Karon,1/6/2017
Ceciley,7/10/2017
Audie,2/19/2017
Midge,7/3/2017
Ali,3/13/2017
Janela,4/17/2017
Morgen,12/7/2016
Elvin,10/5/2017
Barton,8/16/2017
Bart,4/30/2017
Lorain,10/8/2017
Starlin,10/22/2017
Amy,9/29/2017
Georas,4/18/2017
Doralynne,12/5/2016
Lynna,3/30/2017
Irv,1/14/2017
Katheryn,3/16/2017
Wandis,11/25/2016
Quillan,3/10/2017
Tannie,5/27/2017
Skye,9/14/2017
Stevie,11/3/2017
Normy,4/14/2017
Saunder,11/21/2016
Novelia,1/26/2017
Leesa,10/29/2017
Wallas,12/2/2016
Byron,1/6/2017
Iolanthe,2/27/2017
Hazel,9/25/2017
Constance,4/24/2017
Ferris,7/26/2017
Abigael,2/3/2017
Jessee,8/13/2017
Pete,4/6/2017
Hatti,3/12/2017
Kesley,4/19/2017
Amalle,3/6/2017
Trevar,8/16/2017
Jacob,4/14/2017
Norma,4/6/2017
Osborne,5/31/2017
Goldia,4/14/2017
Hiram,6/18/2017
Archy,3/18/2017
Maurita,9/5/2017
Nealon,8/16/2017
Zedekiah,1/3/2017
Berta,6/11/2017
Natalina,10/17/2017
Jorrie,9/27/2017
Kara,3/6/2017
Raquela,6/21/2017
Francisca,6/20/2017
Karalee,10/29/2017
Gabe,7/11/2017
Bevin,8/20/2017
Cherry,10/12/2017
Corly,12/29/2016
Isabelita,7/18/2017
Bernete,2/13/2017
Harrie,9/5/2017
Muffin,4/22/2017
Mic,2/13/2017
Gwennie,3/1/2017
Calvin,1/7/2017
Kaylee,4/21/2017
Aile,12/27/2016
Wolfie,9/24/2017
Stinky,4/3/2017
Biron,11/20/2016
Brenden,4/14/2017
Mirna,4/3/2017
Lura,6/26/2017
Gwenora,9/1/2017
Torre,1/4/2017
Gwenneth,9/2/2017
Julienne,9/7/2017
Merrili,6/7/2017
Jonie,7/13/2017
Milt,11/11/2017
Robin,11/19/2016
Dunn,4/18/2017
Sissy,9/6/2017
Kelvin,6/19/2017
Salomon,6/16/2017
Gypsy,1/20/2017
Alaine,9/4/2017
Ring,2/28/2017
Mufinella,12/17/2016
Denny,2/26/2017
Clyve,7/25/2017
Vance,2/3/2017
Vito,4/21/2017
Tanney,8/24/2017
Theressa,2/28/2017
Zola,12/9/2016
Claudia,4/8/2017
Joelly,5/19/2017
Kellsie,9/30/2017
Luci,1/7/2017
Reed,4/16/2017
Gabi,2/4/2017
Vivyanne,12/2/2016
Willetta,5/25/2017
Georgie,12/27/2016
Taber,6/24/2017
Lusa,1/2/2017
Christye,9/4/2017
Myrtia,12/13/2016
Evelyn,12/27/2016
Isaak,10/14/2017
Kikelia,5/30/2017
Fabian,3/3/2017
Colette,7/20/2017
Jean,1/18/2017
Pincus,10/27/2017
Chaim,3/29/2017
Jillie,8/19/2017
Leonid,9/13/2017
Carissa,12/1/2016
Abbie,6/4/2017
Bartlet,5/21/2017
Kile,11/29/2016
Jenica,9/28/2017
Valera,7/1/2017
Sammie,6/20/2017
Beatrix,5/20/2017
Perrine,10/26/2017
Becca,5/29/2017
Krystalle,9/4/2017
Ky,9/16/2017
Cher,3/24/2017
Garner,9/13/2017
Larine,6/8/2017
Dag,11/12/2016
Eddy,4/7/2017
Lonna,12/8/2016
Brita,9/15/2017
Danyelle,3/14/2017
Inga,7/12/2017
Rozanna,11/9/2017
Emalia,10/12/2017
Jamil,1/15/2017
Binny,10/12/2017
Gard,5/29/2017
Leopold,10/19/2017
Estevan,4/15/2017
Binni,8/24/2017
Jaquelyn,6/24/2017
Loralie,12/21/2016
Trstram,1/8/2017
Paloma,11/26/2016
Yolanda,6/24/2017
Elliot,9/14/2017
Wallache,8/27/2017
Sophi,1/18/2017
Teddy,9/30/2017
Avivah,3/14/2017
Bea,12/31/2016
Welsh,9/10/2017
Jorge,12/18/2016
Ced,9/13/2017
Sigismund,8/26/2017
Daisy,9/25/2017
Minerva,4/4/2017
Park,7/6/2017
Babita,12/10/2016
Graig,1/1/2017
Vlad,6/12/2017
Faulkner,12/31/2016
Odetta,8/17/2017
Jarrod,7/26/2017
Roxane,7/18/2017
Melba,12/26/2016
Taylor,3/24/2017
Bernardine,4/28/2017
Alexandro,3/23/2017
Friederike,12/23/2016
Chrissy,12/3/2016
Florida,2/9/2017
Maurits,2/12/2017
Obadias,5/5/2017
Farrand,11/19/2016
Georgiana,3/5/2017
Peggy,3/14/2017
Deina,2/7/2017
Candy,3/22/2017
Maggi,8/29/2017
Matilde,7/12/2017
Muhammad,4/12/2017
Malinda,10/29/2017
Levey,12/22/2016
Nananne,1/20/2017
Willie,11/22/2016
Neel,3/25/2017
Quinn,5/18/2017
Imojean,6/7/2017
Stanly,2/18/2017
Broderick,11/8/2017
Melita,8/12/2017
Gina,7/10/2017
Arlene,10/11/2017
Adelbert,6/15/2017
Kendell,6/18/2017
Vikki,11/24/2016
Berthe,11/3/2017
Duncan,3/31/2017
Collen,7/17/2017
Boot,1/28/2017
Russell,7/2/2017
Alexandro,10/18/2017
Loren,1/6/2017
Celina,4/26/2017
Kilian,5/14/2017
Ivette,7/24/2017
Eilis,5/16/2017
Eulalie,2/17/2017
Selig,7/28/2017
Judd,6/12/2017
Beitris,7/4/2017
Mira,12/2/2016
Brandice,11/3/2017
Willow,2/14/2017
Lindie,1/24/2017
Weylin,5/30/2017
Marie-ann,10/12/2017
Shirl,8/29/2017
Tirrell,5/20/2017
Obediah,12/26/2016
Andriette,10/29/2017
Wilt,2/9/2017
Claiborne,12/1/2016
Constanta,3/14/2017
Burlie,1/13/2017
Susana,3/8/2017
Grier,7/23/2017
Charmane,1/9/2017
Clary,4/13/2017
Gabriella,12/4/2016
Florenza,8/30/2017
Joli,11/7/2017
Andriette,4/9/2017
Mickie,3/26/2017
Erinn,6/29/2017
Averil,12/28/2016
Gertrude,2/24/2017
Nedda,12/9/2016
Bank,10/10/2017
Dyanna,2/28/2017
Shane,3/6/2017
Thane,12/1/2016
Sherm,2/17/2017
Cherice,2/25/2017
Georgeanna,12/13/2016
Bendite,11/18/2016
Saul,6/26/2017
Amity,3/14/2017
Agretha,4/9/2017
Leo,9/13/2017
My,2/23/2017
Aurelia,9/19/2017
Annemarie,1/6/2017
Lisle,3/31/2017
Rogerio,7/1/2017
Chaddy,7/9/2017
Osbert,1/25/2017
Thorvald,11/28/2016
Joshuah,3/2/2017
Sidonnie,3/8/2017
Gerrie,10/14/2017
Harman,7/20/2017
Ronna,11/29/2016
Alphard,8/30/2017
Lorelle,6/29/2017
Ebenezer,11/21/2016
Jolynn,4/8/2017
Dimitry,4/16/2017
Blakelee,3/17/2017
Gregorius,2/14/2017
Mirella,8/7/2017
Janeta,2/4/2017
Neel,4/14/2017
Ruttger,7/5/2017
Jobie,11/30/2016
Kiel,12/19/2016
Teodorico,6/5/2017
Dulsea,7/29/2017
Glen,11/16/2016
Mendie,5/15/2017
Demetria,1/23/2017
Brody,6/10/2017
Blondie,4/5/2017
Clarissa,1/28/2017
Aldridge,4/12/2017
Joyann,2/21/2017
Janette,12/2/2016
Juliann,5/2/2017
Kiele,8/29/2017
Cindelyn,5/5/2017
Roddy,6/24/2017
Granville,6/13/2017
Carmita,6/4/2017
Moses,8/14/2017
Rossy,3/26/2017
Duff,10/8/2017
Leonora,10/14/2017
Babette,5/16/2017
Nicoli,12/8/2016
Enrique,4/1/2017
Herschel,7/17/2017
Ariella,11/25/2016
Orlan,7/4/2017
Phip,12/19/2016
Finley,4/7/2017
Caritta,3/11/2017
Torey,7/5/2017
Serge,9/14/2017
Harlen,3/6/2017
Lay,2/13/2017
Adiana,2/25/2017
Margret,9/12/2017
Dita,11/1/2017
Lanna,2/23/2017
Anissa,12/12/2016
Hastings,1/19/2017
Tanner,4/26/2017
Theo,5/8/2017
Anne,2/28/2017
Lee,10/27/2017
Chip,6/30/2017
Arv,8/16/2017
Guy,4/16/2017
Bartlett,10/24/2017
Trevor,11/19/2016
Alys,6/28/2017
Sonni,6/7/2017
Harp,2/3/2017
Cleveland,4/9/2017
Karleen,2/7/2017
Konstantine,8/25/2017
Katina,7/23/2017
Kendell,5/2/2017
Caesar,9/19/2017
Corie,1/3/2017
Linnie,12/6/2016
D'arcy,12/4/2016
Zarla,11/20/2016
Griffy,10/10/2017
Bernadina,6/1/2017
Elladine,2/18/2017
Corny,11/21/2016
Lindsey,4/13/2017
Moss,2/23/2017
Alexis,11/4/2017
Solomon,11/11/2017
Daryl,12/23/2016
Fernando,8/24/2017
Carmina,2/8/2017
Kailey,4/8/2017
Constantine,8/15/2017
Brandie,12/17/2016
Domeniga,10/27/2017
Sunny,5/24/2017
Ettore,12/8/2016
Cooper,11/11/2017
Verge,1/28/2017
Waite,3/31/2017
Editha,3/26/2017
Hyacinthia,4/27/2017
Emmett,7/15/2017
Bobbye,8/15/2017
Heloise,9/28/2017
Horton,9/11/2017
Charo,7/27/2017
Brant,1/27/2017
Baxy,1/10/2017
Ermengarde,7/9/2017
Edie,10/2/2017
Lillis,3/3/2017
Jake,10/23/2017
Harrietta,7/21/2017
Noel,3/1/2017
Wallace,5/19/2017
Juli,3/7/2017
Dolph,8/19/2017
Esta,8/11/2017
Garrott,8/20/2017
Alane,8/20/2017
Matty,1/3/2017
Donni,5/19/2017
Maury,7/31/2017
Samara,1/6/2017
Birdie,3/15/2017
Olvan,5/22/2017
Nikita,8/11/2017
Keary,5/2/2017
Barb,3/10/2017
Chucho,3/24/2017
Blakelee,10/3/2017
Willow,5/24/2017
Phillipp,4/23/2017
Hernando,3/18/2017
Harbert,7/28/2017
Percy,3/18/2017
Wolf,5/12/2017
Natale,6/12/2017
Toiboid,5/17/2017
Christoforo,3/6/2017
Stanleigh,8/20/2017
Marylin,11/19/2016
Gasparo,9/16/2017
Briana,6/12/2017
Cale,11/15/2016
Dalenna,2/10/2017
Palmer,8/13/2017
Farrand,12/24/2016
Sal,4/14/2017
Kristyn,12/31/2016
Alexandro,2/7/2017
Skippy,12/2/2016
Ekaterina,10/13/2017
Hester,7/26/2017
Theadora,5/22/2017
Doroteya,1/6/2017
Clementina,4/18/2017
Rufe,11/10/2017
Mindy,9/29/2017
Martie,5/7/2017
Wendi,10/6/2017
Koren,9/21/2017
Allissa,10/14/2017
Nicolas,8/9/2017
Dennison,3/29/2017
Mathian,9/28/2017
Tristam,8/4/2017
Steve,11/9/2017
Amelita,6/27/2017
Koo,2/17/2017
Bank,3/27/2017
Timmie,3/12/2017
Findley,9/3/2017
Phaedra,5/15/2017
Lindsay,10/7/2017
Goldina,12/1/2016
Reider,10/23/2017
Phillip,3/2/2017
Aurelia,1/19/2017
Willie,7/29/2017
Zebedee,3/23/2017
Isidoro,5/31/2017
Jermaine,10/19/2017
Arnuad,2/2/2017
Roanne,5/23/2017
Midge,11/8/2017
Ric,12/13/2016
Dana,1/30/2017
Hanan,9/5/2017
Andres,3/17/2017
Dan,12/27/2016
Moyna,3/25/2017
Artair,6/3/2017
Shanda,1/19/2017
Hakeem,5/25/2017
Stanton,6/27/2017
Stu,3/16/2017
Garrik,1/21/2017
Karlotta,11/27/2016
Gilli,5/28/2017
Hasheem,12/10/2016
Broddy,6/19/2017
Blake,11/6/2017
Kirsti,10/27/2017
Paco,8/11/2017
Tommi,12/25/2016
Tasia,10/21/2017
Elizabeth,11/10/2017
Doralynn,6/28/2017
Elwyn,12/26/2016
Tremaine,8/8/2017
Kipp,5/25/2017
Agneta,7/7/2017
Diahann,6/17/2017
Minni,10/10/2017
Zach,2/3/2017
Theo,12/28/2016
Lewiss,2/1/2017
Dottie,8/4/2017
Jacky,9/2/2017
Hubert,3/29/2017
Alane,1/15/2017
Tobey,6/22/2017
Doro,1/23/2017
Igor,8/1/2017
Carilyn,4/1/2017
Pansy,11/25/2016
Aeriel,7/4/2017
Audie,7/6/2017
Matty,7/1/2017
Quinlan,2/18/2017
Daniele,4/8/2017
Val,4/27/2017
Tallie,8/21/2017
Boony,6/28/2017
Artus,5/4/2017
Peirce,1/3/2017
Mercy,3/16/2017
Elihu,12/27/2016
Marcy,11/5/2017
Elsi,8/12/2017
Jayme,8/29/2017
Wilmar,3/21/2017
Sher,5/12/2017
Lawry,12/28/2016
Maritsa,6/10/2017
Wendell,1/2/2017
Amity,6/17/2017
Ursola,9/21/2017
Orelie,1/13/2017
Darill,10/14/2017
May,3/5/2017
Suellen,12/22/2016
Kissie,9/30/2017
Isaiah,11/17/2016
Obed,8/11/2017
Trix,1/1/2017
Galven,5/12/2017
Letitia,1/27/2017
Avram,8/30/2017
Celestina,10/2/2017
Jorie,4/25/2017
Millard,7/10/2017
Toddie,8/17/2017
Murielle,8/5/2017
Alfie,1/5/2017
Colas,5/27/2017
Torrin,11/11/2017
Kellia,10/28/2017
Redford,2/21/2017
Obie,1/4/2017
Evie,1/6/2017
Brandais,8/5/2017
Leon,2/8/2017
Nissie,8/30/2017
Ashlen,2/28/2017
Sari,11/9/2017
Velvet,2/20/2017
Payton,11/26/2016
Enid,2/9/2017
Luciana,12/28/2016
Jaquenette,7/14/2017
Maje,10/24/2017
Laina,12/27/2016
Guthrey,9/14/2017
Philipa,5/24/2017
Ronna,10/30/2017
Lari,12/17/2016
Annadiane,8/12/2017
Reade,8/12/2017
Fanny,6/7/2017
Hesther,2/12/2017
Elwood,11/24/2016
Chrissie,3/25/2017
Celestia,6/26/2017
Gerry,4/6/2017
Jolene,6/3/2017
Merilyn,8/24/2017
Shayla,12/6/2016
Em,11/27/2016
Wilhelmina,4/9/2017
Jocelin,8/13/2017
Harley,10/3/2017
Malissia,10/18/2017
Romain,9/12/2017
Ulrick,5/19/2017
Amelina,10/14/2017
Siegfried,8/21/2017
Gilemette,1/25/2017
Valentin,11/9/2017
Angeline,1/16/2017
Ash,4/28/2017
Baldwin,8/28/2017
Anica,7/13/2017
Rene,1/31/2017
Helaine,3/11/2017
Jaquith,8/23/2017
Pearline,8/18/2017
Osmond,10/23/2017
Meara,2/9/2017
Gerhard,3/28/2017
Brit,9/7/2017
Morgen,9/6/2017
Catlaina,8/28/2017
Rosemary,1/25/2017
Orlando,5/3/2017
Shirl,4/4/2017
Marshall,11/20/2016
Barrett,1/7/2017
Em,11/28/2016
Joseito,6/4/2017
Cori,1/25/2017
Cornell,10/25/2017
Lauretta,5/2/2017
Gail,11/25/2016
Carry,5/12/2017
Lavinia,9/26/2017
Jo,11/21/2016
Virginia,7/3/2017
Falito,10/7/2017
Emmi,9/20/2017
Micah,2/25/2017
Christi,12/15/2016
Forster,5/14/2017
Mei,10/31/2017
Quinn,4/12/2017
Walton,11/27/2016
Jeana,6/18/2017
Lyndell,6/21/2017
Morris,7/21/2017
June,5/2/2017
Samuel,9/9/2017
Ruthann,8/31/2017
Arlette,4/2/2017
Inger,7/9/2017
Blisse,11/10/2017
Astra,2/13/2017
Ronald,4/23/2017
Carson,11/7/2017
Eleonora,11/7/2017
Abbie,11/14/2016
Karee,4/16/2017
Windy,5/1/2017
Madelle,5/14/2017
Hermann,5/17/2017
Janel,4/9/2017
Duncan,6/11/2017
Mabelle,10/28/2017
Carmelle,6/11/2017
Zara,3/13/2017
Hatty,2/3/2017
Galen,1/21/2017
Elonore,1/17/2017
Aurelea,5/2/2017
Levey,9/2/2017
Bing,12/22/2016
Tani,1/14/2017
Jecho,2/6/2017
Fiona,3/6/2017
Joan,7/2/2017
Granthem,6/1/2017
Shepherd,7/1/2017
Leland,10/17/2017
Wildon,7/28/2017
Hortense,10/28/2017
Priscella,1/28/2017
Aveline,4/23/2017
Rhett,10/22/2017
Ron,8/15/2017
Clarissa,3/18/2017
Lonnie,4/17/2017
Wayne,11/8/2017
Batsheva,4/10/2017
Eveleen,6/18/2017
Jaimie,9/9/2017
Stephana,6/8/2017
Faith,7/17/2017
Callie,12/4/2016
Kirsten,3/30/2017
Libbey,6/30/2017
Job,6/19/2017
Iorgos,12/13/2016
Patton,8/18/2017
Fanechka,9/22/2017
Lisette,7/9/2017
Janek,4/15/2017
Conway,12/29/2016
Sarine,8/24/2017
Anna-diana,6/18/2017
Curtice,7/14/2017
Shirlene,10/21/2017
Michele,12/10/2016
Brok,1/8/2017
Janie,5/27/2017
Humfrey,3/18/2017
Nessie,3/14/2017
Thurston,10/17/2017
Skipp,8/10/2017
Lynn,1/2/2017
Maureene,2/3/2017
Opalina,12/5/2016
Dianna,2/16/2017
Mortie,6/5/2017
Kris,10/6/2017
Gaynor,10/20/2017
Ravi,8/31/2017
Fernande,1/30/2017
Timothee,5/8/2017
Trudi,6/13/2017
Yorke,7/24/2017
Hollyanne,10/1/2017
Kailey,12/19/2016
Lib,4/30/2017
Elvera,11/17/2016
Maurene,4/30/2017
Perri,4/4/2017
Patrice,7/16/2017
Osbourne,2/7/2017
Lyndell,5/17/2017
Carolee,3/9/2017
Berti,10/4/2017
Gail,5/30/2017
Tresa,10/5/2017
Liva,3/12/2017
Jeremias,4/2/2017
Kennith,10/10/2017
Clarita,9/6/2017
Drusy,8/6/2017
Clarence,5/15/2017
Jessy,9/18/2017
Bennie,11/5/2017
Shawn,11/6/2017
Maddie,2/3/2017
Delmor,9/18/2017
Rosabella,10/11/2017
Shelly,4/21/2017
Val,7/26/2017
Rochelle,11/4/2017
Timmie,7/16/2017
Peirce,4/7/2017
Jean,1/5/2017
Natasha,5/17/2017
Tod,4/27/2017
Gerladina,1/3/2017
Luca,7/22/2017
Eyde,4/21/2017
Arleyne,1/11/2017
Roselia,1/14/2017
Kasey,11/18/2016
Doroteya,9/28/2017
Kiri,2/9/2017
Terra,12/12/2016
Kevina,11/20/2016
Ninnette,12/3/2016
Earlie,3/20/2017
Krispin,2/22/2017
Ode,6/17/2017
Rudyard,10/13/2017
Kitti,3/22/2017
Reeva,8/28/2017
Cleve,1/9/2017
Lynelle,3/12/2017
Owen,1/13/2017
Dacie,9/9/2017
Herbie,2/11/2017
Dorie,7/22/2017
Zack,6/22/2017
Clarita,5/7/2017
Pier,3/24/2017
Hernando,7/26/2017
Olga,10/26/2017
Ardelle,7/28/2017
Lin,9/14/2017
Wilie,1/8/2017
Elene,12/29/2016
Gisela,8/8/2017
Romola,7/6/2017
Dud,9/28/2017
Somerset,8/27/2017
Tommy,6/25/2017
Morna,3/23/2017
Stephi,3/2/2017
Farrel,2/24/2017
Jacquelin,2/19/2017
Nicky,10/20/2017
Ruprecht,10/20/2017
Dominique,4/18/2017
Frasquito,10/12/2017
Clio,7/30/2017
Caryl,2/21/2017
Staffard,5/31/2017
Penrod,7/13/2017
Isador,5/9/2017
Wilma,1/6/2017
Torry,9/24/2017
Waly,3/28/2017
Levon,11/19/2016
Marrissa,3/29/2017
Robyn,8/29/2017
Adelaide,1/21/2017
Gabi,9/29/2017
Yolande,7/10/2017
Josee,6/7/2017
Herc,1/29/2017
Brucie,10/10/2017
Yale,3/5/2017
Averell,1/21/2017
Yovonnda,10/28/2017
Talbert,9/1/2017
Osmund,7/15/2017
Emmie,3/28/2017
Klara,12/8/2016
Alain,11/17/2016
Griff,1/30/2017
Livia,5/19/2017
Konrad,5/28/2017
Devlin,9/8/2017
Sheeree,4/1/2017
Desiri,12/24/2016
Meir,4/23/2017
Babita,10/8/2017
Lianne,9/6/2017
Gavra,7/3/2017
Olly,10/22/2017
Ainslee,4/21/2017
Tonya,6/11/2017
Meggi,1/5/2017
Muhammad,12/30/2016
Ortensia,1/2/2017
Maddalena,6/14/2017
Dukey,1/10/2017
Briant,1/4/2017
Kelsey,11/4/2017
Judye,1/31/2017
Rodina,5/22/2017
Clayborne,1/25/2017
Rickie,1/16/2017
Helaina,7/9/2017
Helenelizabeth,6/23/2017
Phoebe,2/5/2017
Tamma,6/18/2017
Curran,9/29/2017
Kandy,12/15/2016
Blakelee,1/4/2017
Vilma,10/14/2017
Tildie,3/17/2017
Ranice,9/22/2017
Patrizio,11/30/2016
Neile,8/6/2017
Bill,6/7/2017
Skippie,9/5/2017
Pepito,8/26/2017
Rasia,8/1/2017
Yvor,11/18/2016
Konstanze,5/18/2017
Roley,12/2/2016
Wolfie,8/1/2017
Burl,11/20/2016
Nap,2/28/2017
Jozef,12/16/2016
Huntington,6/11/2017
Pauly,8/31/2017
Marcy,4/22/2017
Devin,6/28/2017
Davin,4/27/2017
Anselm,10/2/2017
Jonie,7/28/2017
Allie,5/6/2017
Eziechiele,4/8/2017
Hogan,5/26/2017
Rikki,7/25/2017
Leonore,4/6/2017
Isador,5/11/2017
Jarrett,1/19/2017
Gun,12/22/2016
Julissa,7/9/2017
Irene,7/23/2017
Revkah,6/8/2017
Chaim,7/2/2017
Ricky,8/27/2017
Michal,4/29/2017
Weber,3/19/2017
Lucius,4/27/2017
Berta,11/7/2017
Ebba,8/15/2017
Lina,9/20/2017
Marylinda,11/23/2016
Conny,10/27/2017
Andras,9/9/2017
Nerta,1/22/2017
Ashla,7/16/2017
Georges,5/22/2017
Hubie,10/24/2017
Bethanne,6/21/2017
Fanchette,1/15/2017
Fancy,6/24/2017
Ricardo,1/29/2017
Carr,5/14/2017
Holmes,8/15/2017

